{
  "name": "ubuntu-apache",
  "version": "0.1.0",
  "author": "ubuntu",
  "summary": "",
  "license": "Apache-2.0",
  "source": "",
  "dependencies": [

  ],
  "operatingsystem_support": [
    {
      "operatingsystem": "Debian",
      "operatingsystemrelease": [
        "9"
      ]
    },
    {
      "operatingsystem": "Ubuntu",
      "operatingsystemrelease": [
        "18.04"
      ]
    }
  ],
  "requirements": [
    {
      "name": "puppet",
      "version_requirement": ">= 4.10.0 < 7.0.0"
    }
  ],
  "pdk-version": "1.18.1",
  "template-url": "pdk-default#1.18.1",
  "template-ref": "tags/1.18.1-0-g3d2e75c"
}
